"","Type","HBZ","FAU","RNA5SP449","RNY3P16","MTCO2P29","TMEM176A","TMEM176B","PSG1","CYP4F35P","RN7SKP198","RNA5SP63","NPY5R","MIR548AD","RN7SL452P","GPR87","RNU6-1024P","BUD31P2","RNU6-893P","ZNF578","RNU6-263P","KARSP3","RNU4-51P","RNU6-1244P","RNU6-403P","RNU6-1024P1","COX7B","ZNF847P","RNU6-853P","RNU6-943P","RNA5SP30","OR5M10","RNY1P5","DDX18P6","HMGB3P24","LINC01356","MTCO1P11","RPS7","RNU6-98P","FAU1","GSTM1","RNU4-2","TMTC1","SLFN14","SLC14A1","GSTM11","SCARNA10","RNF182","LINC00189","XK","TSPAN7","SFRP2","ORM1","LRP1","RPPH1","ALDH5A1","LGALS2","IFIT1B","RNA5SP242","UBE2O","OSBP2","HBZ1","RNU6-1124P","RNU6-921P","IGKV2-26","IGKV1D-27","ALOX15","TMEM176A1","RNU6-1315P","KIAA1324","IL1RL1","SNORA38B","HLA-DOA","IGHV3-47","VTRNA1-1","SMPD3","TMEM176B1","SNORA23","RNU5A-1","FOLR3","RN7SL218P","TMEM176A2","HBZ2","TMEM176B2","FAU2","HBZP1","RNY3P161","IGKV1-5","RNA5SP631","TREML4","CYP4F35P1","ALOX151","IGKV3-11","IGKV2-30","ZFP57","RNA5SP4491","IGKV1-33","CAV1","RNU6-893P1","POU2AF1","IGKV2-24","KARSP31","GSTM12","RNU4-51P1","RNU6-1024P2","COX7B1","OCLN","CTNNAL1","RNA5SP301","C4BPA","CD274","LINC013561","RNU6-522P","HMGB3P241","BBOF1","RPL36AP26","SLPI","RNU6-943P1","SLC3A1","RPS71","RNU6-853P1"
"pre_GSM1923000","pre-treatment",5.811648,2.923815,3.236636,3.175538,2.710522,8.234849,7.590224,3.37865,5.727632,4.638636,6.031024,3.009981,2.138376,3.32528,2.61623,5.118808,2.444807,4.729823,3.274085,2.601558,3.236636,3.411485,2.2018,2.374033,5.118808,3.684098,2.774108,2.839938,3.294064,3.630963,2.863583,2.017035,3.241025,4.27694,4.364758,1.691963,4.3154345,1.891458,2.923815,8.472179,8.327796,5.368236,6.920948,9.845773,8.472179,8.062058,5.898824,5.008105,8.649788,7.270642,6.242383,5.392341,9.438645,9.436149,7.952618,5.889227,7.819321,7.915483,8.555623,8.490681,5.811648,3.625595,4.137214,7.502052,5.756958,8.618218,8.234849,5.965623,10.30821,7.686226,6.785851,8.297891,4.42794,3.918149,7.846201,7.590224,8.268927,6.132856,7.227573,4.254791,8.234849,5.811648,7.590224,2.923815,7.794837,3.175538,9.347239,6.031024,7.466928,5.727632,8.618218,8.531608,9.80499,5.099425,3.236636,8.504716,5.41404,4.729823,7.49751,8.060297,3.236636,8.472179,3.411485,5.118808,3.684098,3.689732,5.097876,3.630963,5.294201,7.037835,4.364758,7.104646,4.27694,7.179473,7.213727,7.066407,3.294064,4.943041,4.3154345,2.839938
"pre_GSM1923004","pre-treatment",5.069629,3.196819,3.436943,4.714185,2.405929,10.17415,8.562156,3.592083,4.453184,4.436777,6.647255,3.114035,2.369435,2.845915,2.698809,2.348279,2.858302,5.129372,3.33044,2.706857,3.370126,3.035656,1.824639,2.589489,2.348279,3.101303,2.205165,2.789659,2.930063,4.835207,2.909033,2.410734,3.067835,4.598945,4.458671,1.677882,3.8521165,2.050228,3.196819,6.076176,7.4665,6.849525,6.871564,10.34326,6.076176,7.402003,9.661179,5.074153,9.159578,7.641379,6.199125,5.107743,8.930514,8.994946,8.139573,6.590998,9.213772,7.020733,8.996534,9.269087,5.069629,3.955489,4.339667,7.072053,5.61757,8.54088,10.17415,6.397019,9.935955,7.56243,6.638315,8.1574705,4.057443,3.513016,8.19033,8.562156,7.180117,6.000473,8.543058,4.15778,10.17415,5.069629,8.562156,3.196819,7.282024,4.714185,9.128321,6.647255,5.353891,4.453184,8.54088,8.205757,9.489275,4.777316,3.436943,8.538736,5.63679,5.129372,7.66953,8.192456,3.370126,6.076176,3.035656,2.348279,3.101303,6.130703,6.411452,4.835207,4.922786,6.904259,4.458671,6.063435,4.598945,7.731149,6.986807,6.981043,2.930063,4.881752,3.8521165,2.789659
"pre_GSM1923010","pre-treatment",6.523757,3.117909,2.643492,2.78867,2.597339,9.692642,9.000389,2.956225,4.743564,4.5267,6.119845,3.21424,2.336002,3.741096,3.03402,4.881846,3.129294,5.060843,4.623713,2.77088,3.251732,3.709145,1.854291,2.714277,4.881846,4.116078,2.327527,3.102854,3.668304,3.515635,3.251732,2.464911,3.557154,4.338547,4.825437,1.76393,4.25758,2.241666,3.117909,6.174376,7.294303,5.133677,7.013676,9.47344,6.174376,7.134168,4.698263,5.969443,7.632213,6.163517,6.419077,6.1606,8.713573,8.530666,7.678496,7.991654,8.217195,7.740351,8.176607,7.417982,6.523757,4.624758,4.462494,6.711569,5.503773,9.012391,9.692642,5.630767,10.67592,7.375314,6.729556,8.3779135,4.239655,3.153503,7.559098,9.000389,7.811905,5.055697,6.03984,5.208383,9.692642,6.523757,9.000389,3.117909,8.389799,2.78867,9.639825,6.119845,5.278979,4.743564,9.012391,8.159265,9.227246,6.400451,2.643492,8.872813,5.381947,5.060843,7.506255,7.905823,3.251732,6.174376,3.709145,4.881846,4.116078,7.136095,5.253568,3.515635,5.135108,7.888517,4.825437,7.032055,4.338547,6.874625,6.680272,6.953969,3.668304,4.879858,4.25758,3.102854
"pre_GSM1923012","pre-treatment",3.919103,2.450092,2.394457,3.581125,2.218805,9.823821,8.615328,2.864717,5.059506,4.315451,5.483854,2.687575,2.191544,3.58836,2.661114,4.90108,2.43576,4.588546,4.046737,2.3526,3.045036,3.01495,2.342321,2.94853,4.90108,3.492036,2.224784,2.738443,3.275517,3.845782,3.395484,1.890544,3.241025,4.862531,4.959461,1.71489,4.0559025,2.082704,2.450092,6.026742,7.256128,7.026363,5.894792,9.201641,6.026742,7.705833,6.551296,6.103569,7.922269,6.095269,6.436749,5.326785,8.025482,8.257639,7.215479,6.16583,7.680322,6.194974,7.632955,8.154993,3.919103,3.142038,4.716303,7.97642,6.270058,7.437176,9.823821,6.909309,8.440156,6.220163,8.13652,8.7306995,3.933982,3.321703,7.055265,8.615328,9.148938,6.153654,7.579003,5.244798,9.823821,3.919103,8.615328,2.450092,7.196186,3.581125,9.590477,5.483854,7.433537,5.059506,7.437176,8.854791,9.984616,5.832144,2.394457,9.21624,5.358056,4.588546,7.9133495,8.421768,3.045036,6.026742,3.01495,4.90108,3.492036,6.460763,4.569628,3.845782,4.593153,6.925076,4.959461,5.704543,4.862531,6.125238,6.822679,8.885679,3.275517,4.89069,4.0559025,2.738443
"pre_GSM1923007","pre-treatment",3.86604,2.701025,2.329058,3.960004,2.976291,8.315637,7.479093,2.961254,5.341248,3.925748,5.280619,3.069981,2.302679,3.200579,2.571358,5.008736,2.584532,5.721657,3.139522,2.812137,5.658116,3.386954,1.768834,2.564433,5.008736,3.929107,2.407853,2.670711,2.946633,3.838985,2.586781,2.834182,2.77931,4.285501,3.549182,1.886315,4.2646525,2.137153,2.701025,6.458577,7.6907,6.744016,7.347084,10.14733,6.458577,8.546481,6.222152,7.737411,8.797106,7.061808,7.064362,6.468585,8.816051,9.331375,8.269623,6.852998,8.573379,7.000936,8.938259,8.547719,3.86604,3.610108,4.720361,6.582178,6.292499,8.769546,8.315637,6.306538,10.30233,7.696645,6.518712,7.8883575,3.760212,3.557066,7.994747,7.479093,7.980599,6.626325,10.13579,4.388085,8.315637,3.86604,7.479093,2.701025,6.87005,3.960004,9.561001,5.280619,5.960432,5.341248,8.769546,8.53629,9.253304,5.096492,2.329058,8.509806,5.329176,5.721657,7.2859585,7.83882,5.658116,6.458577,3.386954,5.008736,3.929107,6.327845,5.952301,3.838985,5.000043,7.096611,3.549182,6.245954,4.285501,7.724988,7.722751,8.218735,2.946633,4.810431,4.2646525,2.670711
"pre_GSM1923020","pre-treatment",7.004467,2.93315,2.719405,3.358239,2.569777,9.197305,8.458378,2.785112,5.342484,4.564003,4.799551,2.957445,2.243055,3.208239,2.812303,5.854117,2.647525,5.003718,3.110768,3.291925,2.394456,3.410872,1.94207,2.615167,5.854117,4.295516,2.192885,2.876158,2.694439,5.142002,2.936849,2.597563,3.09656,3.948353,4.386386,1.759618,4.3983355,2.060897,2.93315,5.554105,7.743725,4.787425,7.466074,10.12761,5.554105,8.402628,5.657006,5.132412,8.676796,6.79943,7.004295,7.48913,8.187409,8.666814,7.154166,6.887355,9.369111,7.26008,8.784403,8.923566,7.004467,3.446178,4.590574,6.289496,5.344773,8.083969,9.197305,6.194286,10.42794,6.557677,10.17743,7.9922495,4.084619,3.428813,7.292734,8.458378,9.725664,6.934309,9.276039,5.439103,9.197305,7.004467,8.458378,2.93315,8.829184,3.358239,8.967034,4.799551,8.521794,5.342484,8.083969,7.819931,9.122567,6.533839,2.719405,8.222979,5.343532,5.003718,7.296976,7.808922,2.394456,5.554105,3.410872,5.854117,4.295516,3.899995,6.450964,5.142002,4.995357,7.148675,4.386386,7.334882,3.948353,8.129784,7.898178,9.085851,2.694439,4.629837,4.3983355,2.876158
"pre_GSM192998","pre-treatment",6.80334,2.538203,2.585292,3.516727,2.258775,7.918641,6.951741,2.640877,5.627999,3.621635,4.903502,3.070503,2.44179,3.312527,2.558576,4.396429,2.92514,4.914101,4.351112,2.204175,6.275847,3.553139,2.24259,2.455437,4.396429,4.63121,2.121907,3.085255,3.130377,4.000862,2.930313,2.54561,3.227246,3.775146,4.537256,2.30924,4.279754,2.121304,2.538203,6.361301,8.194386,7.462216,7.734507,10.99537,6.361301,6.50957,8.664271,6.972443,9.290656,8.052944,7.250219,6.30702,8.200642,8.732365,8.699712,7.513904,10.0584,7.285285,9.059455,9.498442,6.80334,3.775698,3.516193,7.18733,5.904894,6.793347,7.918641,5.803548,10.13504,7.316125,8.908377,8.418195,4.294885,4.092259,7.882069,6.951741,8.134516,6.249239,7.764552,5.099842,7.918641,6.80334,6.951741,2.538203,8.483055,3.516727,9.41655,4.903502,8.065818,5.627999,6.793347,8.900699,9.330873,4.958622,2.585292,9.013853,5.090943,4.914101,7.605768,8.330021,6.275847,6.361301,3.553139,4.396429,4.63121,4.002341,6.414011,4.000862,4.947705,8.057865,4.537256,6.46043,3.775146,8.212811,7.359946,8.100077,3.130377,4.324484,4.279754,3.085255
"pre_GSM1922995","pre-treatment",3.463336,2.92258,2.316245,3.861783,2.618027,7.678146,6.795467,2.968819,4.791713,4.346113,6.227046,2.962789,2.969253,3.697613,2.490596,4.970521,2.893989,5.278355,3.679729,2.474747,4.549771,3.596871,3.424106,2.934895,4.970521,4.491021,2.508331,3.275527,3.393719,4.496307,2.878068,2.77106,3.176733,4.118515,4.249209,1.90949,5.185456,2.143853,2.92258,6.012029,7.506886,7.829046,7.225273,9.363169,6.012029,7.869164,7.097365,6.869028,8.7299,6.900731,6.970616,5.67574,8.426199,7.994755,7.983555,6.436921,8.137804,6.994006,8.787931,8.811042,3.463336,4.566251,4.739301,7.245918,6.192151,8.327738,7.678146,6.433755,9.994263,7.225058,8.138044,8.3332675,4.778882,3.031099,7.206326,6.795467,8.048693,6.028975,7.958322,4.498331,7.678146,3.463336,6.795467,2.92258,6.043233,3.861783,9.308955,6.227046,5.446463,4.791713,8.327738,8.756651,9.358013,5.308321,2.316245,9.230331,5.573716,5.278355,7.499083,8.28389,4.549771,6.012029,3.596871,4.970521,4.491021,3.858411,5.610598,4.496307,4.6054,6.886828,4.249209,7.389003,4.118515,7.498887,7.391714,8.677443,3.393719,4.580755,5.185456,3.275527
"pre_GSM1923002","pre-treatment",5.055998,3.709078,2.779747,4.316494,2.571665,6.915335,6.976371,3.691666,3.523219,4.703253,6.127749,2.875265,2.920373,3.91207,2.582445,2.639625,3.001687,4.776263,3.354205,2.160788,5.012138,3.617172,1.881448,3.224197,2.639625,4.523447,2.451142,2.947542,3.099114,3.452406,2.811882,2.471262,3.210181,4.983908,4.989921,2.009905,4.013799,2.244068,3.709078,7.862147,7.817271,7.055426,8.492467,11.51621,7.862147,8.627264,10.20627,5.597713,9.923145,8.537998,8.568158,6.234042,7.856422,8.892643,8.517094,7.344245,10.68292,8.065243,10.16899,9.617673,5.055998,4.04022,4.141136,6.725072,5.259172,7.634356,6.915335,6.418136,10.5396,6.473979,6.759503,7.4548925,4.412323,3.21386,6.559786,6.976371,8.924269,5.806464,6.342517,4.957538,6.915335,5.055998,6.976371,3.709078,7.0888,4.316494,9.01684,6.127749,5.513658,3.523219,7.634356,7.793757,8.618487,5.377296,2.779747,8.264961,5.194315,4.776263,6.54772,7.422448,5.012138,7.862147,3.617172,2.639625,4.523447,7.702955,7.285121,3.452406,5.72575,7.866396,4.989921,6.703728,4.983908,9.407221,8.235855,8.856766,3.099114,5.745869,4.013799,2.947542
"pre_GSM1923008","pre-treatment",4.500188,3.363532,2.705528,4.311824,2.925948,7.677896,7.125981,3.117869,4.764615,3.809677,5.646268,2.976118,2.432497,3.152898,2.633298,3.464713,2.854104,4.421556,3.370126,2.637111,2.584302,3.46575,2.034415,2.740385,3.464713,3.603166,2.546446,3.176307,3.249888,4.249281,2.71892,2.237279,3.277802,4.824197,3.83243,1.634024,4.1455885,2.002282,3.363532,8.596789,8.045245,6.979723,7.073551,10.41857,8.596789,7.908354,5.984591,6.673177,9.287848,10.6927,6.583425,6.417063,8.178926,8.9312,8.259899,7.500143,8.62677,7.518399,9.138132,9.177885,4.500188,2.999533,4.676291,7.266558,5.878548,7.174583,7.677896,5.73684,9.57143,5.74683,7.282931,7.9629385,3.876354,3.393577,6.946569,7.125981,8.572343,6.695676,7.38727,4.957379,7.677896,4.500188,7.125981,3.363532,6.641269,4.311824,10.17195,5.646268,8.141497,4.764615,7.174583,9.381006,9.926197,4.676762,2.705528,9.176512,5.361321,4.421556,7.289034,8.470101,2.584302,8.596789,3.46575,3.464713,3.603166,6.610095,5.84894,4.249281,4.863747,6.818688,3.83243,7.078945,4.824197,7.964251,7.771163,7.928227,3.249888,4.938174,4.1455885,3.176307
"pre_GSM1923015","pre-treatment",3.313138,3.29523,2.990566,3.72357,2.697137,9.219242,8.368604,2.902952,5.844336,4.002262,5.341722,3.051528,2.454181,3.433363,2.433648,3.799605,2.942713,4.316015,2.977812,2.93443,3.750945,4.313459,3.152341,2.879177,3.799605,4.617862,2.02687,4.236188,3.556128,4.170519,2.699138,2.486047,3.297224,3.837341,4.172018,1.727826,4.3816285,1.904648,3.29523,5.537547,8.391516,7.171209,6.917688,10.3765,5.537547,7.997349,5.781807,6.901049,8.40299,6.548839,6.891493,5.107102,8.585566,8.972183,7.593282,7.208789,8.57902,7.358203,8.370553,8.077947,3.313138,2.581622,4.029157,7.124655,5.465782,7.906488,9.219242,5.303005,9.42232,6.571969,6.981231,7.8940575,3.842627,3.76857,6.826509,8.368604,9.432232,6.018046,7.640288,4.869377,9.219242,3.313138,8.368604,3.29523,6.507183,3.72357,9.110521,5.341722,5.060966,5.844336,7.906488,7.876977,9.174845,4.749932,2.990566,8.547084,5.122855,4.316015,7.6211435,7.923913,3.750945,5.537547,4.313459,3.799605,4.617862,6.839999,5.075598,4.170519,5.361488,7.360441,4.172018,7.411445,3.837341,7.592292,7.342733,7.520678,3.556128,4.427902,4.3816285,4.236188
"pre_GSM1923018","pre-treatment",2.791657,2.712208,2.758645,2.650609,2.303258,7.738728,7.022178,2.81784,6.108862,4.283495,5.78592,2.776554,2.323431,3.281252,2.575667,3.783675,2.447708,4.868808,3.399431,2.694846,3.562265,3.380232,2.166299,2.742985,3.783675,4.653553,2.16702,2.869511,2.714196,3.440986,2.934319,2.816159,3.085339,4.110156,3.358146,2.033664,4.186968,2.685178,2.712208,8.948875,9.026752,7.166209,7.704072,10.72244,8.948875,8.827578,5.665356,7.79761,8.913815,7.507761,7.580279,4.849042,9.596701,9.633449,7.671036,7.644198,9.019814,9.288952,9.020329,9.027387,2.791657,3.543049,3.660089,7.287825,6.071668,9.64069,7.738728,5.752495,8.023506,6.715892,8.483041,8.326974,4.68154,6.216463,7.995934,7.022178,8.611336,6.743095,6.711778,4.490073,7.738728,2.791657,7.022178,2.712208,6.678111,2.650609,9.507219,5.78592,7.810779,6.108862,9.64069,8.621697,9.167371,4.835622,2.758645,9.041675,5.456933,4.868808,7.6316025,7.925795,3.562265,8.948875,3.380232,3.783675,4.653553,4.025669,5.340089,3.440986,8.962273,6.911521,3.358146,7.537065,4.110156,7.991055,7.09789,8.406864,2.714196,4.832296,4.186968,2.869511
"pre_GSM1923022","pre-treatment",3.460742,2.283188,3.183854,3.83391,2.173146,8.038414,7.24143,2.999175,3.653342,4.2086,4.254113,2.888251,2.086755,3.338976,2.513911,3.744827,3.003138,4.242538,3.553453,3.275838,7.463402,3.832153,2.288224,2.397173,3.744827,3.957126,2.064669,3.81135,3.563811,3.180736,2.765297,2.248263,3.241025,3.85841,5.011254,1.692853,4.0044175,2.309709,2.283188,8.214592,6.769595,5.084648,8.571956,11.84463,8.214592,8.532614,10.22247,4.174501,10.21627,7.200236,6.462964,5.151833,8.402471,8.903378,8.731031,7.403719,10.7683,7.44808,9.965636,9.784541,3.460742,4.128722,4.171865,6.347554,5.59832,4.640682,8.038414,5.560838,9.244128,5.604244,7.219204,7.5490185,3.140019,3.204755,6.238121,7.24143,8.309378,5.56117,8.866272,4.326639,8.038414,3.460742,7.24143,2.283188,6.381455,3.83391,9.232349,4.254113,7.882119,3.653342,4.640682,7.877319,8.903975,5.031002,3.183854,8.429285,5.338375,4.242538,6.7842325,7.709735,7.463402,8.214592,3.832153,3.744827,3.957126,7.094453,7.617988,3.180736,5.617418,7.839045,5.011254,6.77889,3.85841,9.156115,7.124386,7.864158,3.563811,4.431097,4.0044175,3.81135
"pre_GSM1923017","pre-treatment",6.49291,2.842638,2.826351,3.562766,2.966132,6.521366,6.800087,2.642785,3.393748,4.242674,5.273703,3.083964,2.448912,3.144909,2.685626,3.464369,2.665626,4.795249,3.179041,3.065146,3.570185,3.321366,1.933477,2.973124,3.464369,2.668152,2.023087,2.952661,3.012961,3.491284,2.805852,2.273714,3.172199,4.168336,5.620139,1.882113,4.718851,2.183602,2.842638,7.9289,8.115437,8.352043,7.416633,10.11232,7.9289,8.454391,8.922358,7.720346,8.923471,7.722299,6.829654,7.296613,9.09301,8.734781,8.139548,7.683429,9.217394,6.853621,9.079515,8.937953,6.49291,3.184595,3.287252,6.780286,6.11639,8.620446,6.521366,6.784663,9.910405,7.366439,7.007805,7.918583,4.499736,3.942171,7.730081,6.800087,9.476265,7.603351,7.883636,5.531567,6.521366,6.49291,6.800087,2.842638,8.212902,3.562766,9.875731,5.273703,5.898042,3.393748,8.620446,8.357267,9.589586,5.764567,2.826351,8.889296,5.216572,4.795249,6.8645325,8.609476,3.570185,7.9289,3.321366,3.464369,2.668152,6.235959,5.531182,3.491284,5.423641,7.239742,5.620139,7.381887,4.168336,7.765718,6.607109,8.096432,3.012961,4.687454,4.718851,2.952661
"post_EG_GSM1923001","EGCG treatment",5.949213,3.573943,3.748873,3.742654,3.081719,8.261001,7.40834,3.321838,5.331326,4.83402,5.919379,3.089412,3.004035,3.796416,2.866827,4.080317,2.507442,5.471056,4.187703,2.971382,2.031657,3.490727,2.047374,2.714277,4.080317,3.087768,2.357377,2.771961,2.940627,4.359956,2.956923,2.259405,3.581139,3.892712,4.852013,1.573209,3.9319885,2.212602,3.573943,8.730453,6.25269,4.848335,6.388772,9.546643,8.730453,6.477332,5.718733,5.307739,8.289977,7.070602,6.127592,4.454395,8.079201,8.406297,7.77905,5.990546,7.449615,6.861242,8.293604,8.246765,5.949213,3.829879,4.587255,7.74379,6.645617,8.089737,8.261001,6.016811,10.35717,7.413693,6.771927,8.3527985,4.353493,3.035174,7.44491,7.40834,7.508742,5.402288,7.191074,4.430312,8.261001,5.949213,7.40834,3.573943,7.903615,3.742654,9.922967,5.919379,7.623088,5.331326,8.089737,8.869393,10.07821,5.177411,3.748873,8.949943,5.291029,5.471056,8.244645,8.606488,2.031657,8.730453,3.490727,4.080317,3.087768,3.658009,4.823223,4.359956,4.984426,7.565337,4.852013,7.1548,3.892712,7.287389,6.46934,7.222888,2.940627,4.934957,3.9319885,2.771961
"post_EG_GSM1923005","EGCG treatment",5.355846,3.869781,3.630504,5.294493,2.65705,10.30215,8.71894,3.656686,5.425857,4.940313,5.900205,3.074352,2.474798,4.063281,2.693574,5.535697,2.718858,5.277777,3.44787,3.026773,5.331456,4.232907,2.85743,2.485653,5.535697,3.723906,1.932529,2.907065,2.343109,3.772393,2.826232,2.589482,3.480985,4.307755,4.89097,1.899811,4.731526,2.084784,3.869781,5.601388,7.938001,6.759398,6.694151,10.28014,5.601388,8.065611,9.667198,5.376432,9.000059,7.635836,6.082124,4.531877,7.932209,8.640158,7.806866,6.847225,9.74501,7.526591,8.890228,9.041632,5.355846,4.693993,3.971565,7.145695,5.246081,8.071516,10.30215,6.262485,9.295792,7.487288,7.147807,8.260955,4.341793,4.031562,7.570262,8.71894,9.863466,6.946068,8.785271,4.632414,10.30215,5.355846,8.71894,3.869781,7.468671,5.294493,9.761224,5.900205,5.723022,5.425857,8.071516,9.163091,9.590371,4.87443,3.630504,9.064756,5.799579,5.277777,7.725516,8.163542,5.331456,5.601388,4.232907,5.535697,3.723906,7.07148,7.414082,3.772393,5.064595,7.51557,4.89097,6.252564,4.307755,7.992859,7.332107,7.471013,2.343109,5.232114,4.731526,2.907065
"post_EG_GSM1923011","EGCG treatment",4.110092,3.168412,3.06006,3.64987,3.278426,9.6131,8.723102,3.610793,5.051238,4.780491,6.717534,3.670423,2.229012,3.433363,2.698809,5.322618,3.251645,5.909765,3.710559,2.529118,3.150599,3.456671,2.134356,2.646993,5.322618,3.207069,2.3634,2.681999,3.162296,3.980061,3.090506,2.092072,3.083178,4.618551,4.491223,1.665071,4.443668,2.203373,3.168412,6.366739,7.687862,5.230656,6.506222,8.955799,6.366739,7.276847,5.317696,5.277018,7.453115,6.184412,5.52437,5.392102,8.670917,8.335856,7.203592,7.667832,7.443933,6.911733,7.848507,7.199751,4.110092,4.822496,5.555689,7.368058,5.991428,9.167692,9.6131,6.044048,10.67136,7.456971,7.86698,8.240053,4.754691,3.350624,7.77809,8.723102,8.21111,5.09063,5.976563,4.029508,9.6131,4.110092,8.723102,3.168412,7.495716,3.64987,11.4189,6.717534,5.734277,5.051238,9.167692,9.989081,11.36097,5.830243,3.06006,10.21784,7.845604,5.909765,8.453935,10.36343,3.150599,6.366739,3.456671,5.322618,3.207069,7.197221,5.062014,3.980061,4.897905,7.06132,4.491223,7.450614,4.618551,6.373542,6.578686,6.830313,3.162296,4.897149,4.443668,2.681999
"post_EG_GSM1923013","EGCG treatment",6.065581,3.493053,3.161716,4.996494,2.435193,9.378744,8.87225,3.054667,5.652168,4.714173,5.701843,2.846602,2.405735,3.769459,2.718318,5.330664,2.920867,4.657054,4.349553,2.497802,3.002369,3.761265,1.809812,3.654999,5.330664,3.900589,2.330837,2.759539,3.336897,3.733911,2.68898,2.698951,3.003349,3.515645,4.175975,1.786048,4.6141645,2.221457,3.493053,6.313624,7.062013,7.895698,7.099987,9.743366,6.313624,7.592211,7.193083,6.187052,8.468859,6.464887,6.79482,5.990294,7.730622,8.353057,7.756974,6.305082,8.362711,6.065194,8.119076,8.535689,6.065581,4.014038,4.250207,7.609488,6.292499,8.230452,9.378744,6.230087,8.524614,6.836432,7.883873,8.6195505,4.087748,3.096735,7.281763,8.87225,7.876519,5.800428,8.227284,4.571495,9.378744,6.065581,8.87225,3.493053,7.672227,4.996494,9.796797,5.701843,7.726081,5.652168,8.230452,8.992926,9.624558,6.329623,3.161716,9.421828,5.598543,4.657054,7.7787545,8.462289,3.002369,6.313624,3.761265,5.330664,3.900589,6.480009,5.641806,3.733911,4.763914,7.666081,4.175975,5.886648,3.515645,6.998306,6.898235,9.317122,3.336897,4.587667,4.6141645,2.759539
"post_EG_GSM1923021","EGCG treatment",7.461491,4.284653,3.210827,3.874503,2.80391,9.459219,8.598404,3.4991,5.159725,4.572099,6.141848,3.392733,3.389984,3.532828,3.235313,3.434441,2.845185,4.805988,3.62088,4.186963,4.226489,3.326652,2.291333,2.149714,3.434441,4.582647,2.340211,2.832179,2.891805,3.339392,2.7931,2.677737,2.787638,4.392764,4.914523,1.933759,4.3633705,1.978951,4.284653,5.863973,7.569274,4.955577,7.298946,10.16968,5.863973,8.669718,5.763507,5.000858,8.646244,6.705126,6.990051,7.2191,7.846555,8.802331,6.975428,6.824337,9.410426,7.551071,8.617882,8.643761,7.461491,2.583134,4.386709,6.258324,5.849399,8.388445,9.459219,5.955448,10.40935,6.642108,8.934456,7.814332,4.297094,3.158351,7.275712,8.598404,9.019022,7.147628,9.460279,4.487793,9.459219,7.461491,8.598404,4.284653,9.016326,3.874503,9.124174,6.141848,8.65979,5.159725,8.388445,7.879318,9.070177,6.359288,3.210827,8.136599,5.16765,4.805988,7.2794735,7.680103,4.226489,5.863973,3.326652,3.434441,4.582647,3.183043,6.914743,3.339392,5.049961,7.482051,4.914523,6.808507,4.392764,8.48,8.468581,9.406696,2.891805,4.662432,4.3633705,2.832179
"post_EG_GSM1923006","EGCG treatment",5.072135,3.411751,3.008668,3.88742,2.982139,9.584011,8.934507,3.062416,5.153096,5.11038,6.13834,3.277361,2.226802,3.408808,2.90009,3.164427,3.083762,4.927002,3.268698,2.638914,2.477271,3.155035,2.447795,2.577765,3.164427,3.60677,2.102863,3.365447,2.896197,3.929165,2.909598,2.437222,3.281048,4.088903,4.462373,1.613892,4.2734725,2.318737,3.411751,5.765924,6.700064,6.872093,6.467964,9.766462,5.765924,7.621096,7.250315,6.953821,8.333897,7.184817,6.450964,5.943068,8.071026,8.306144,7.601022,6.636683,8.611727,6.864363,8.452837,8.307762,5.072135,3.494383,4.632421,6.988001,6.511136,8.202385,9.584011,6.145019,9.734085,6.983094,6.894226,7.918884,3.696733,3.127791,7.68045,8.934507,7.407968,5.383152,8.771425,4.239394,9.584011,5.072135,8.934507,3.411751,7.24407,3.88742,9.622095,6.13834,7.033669,5.153096,8.202385,8.646835,9.552368,5.707431,3.008668,9.116012,5.312009,4.927002,7.319313,7.994862,2.477271,5.765924,3.155035,3.164427,3.60677,6.561533,5.560568,3.929165,4.984906,7.797422,4.462373,6.371397,4.088903,7.754502,8.082952,7.87098,2.896197,4.969165,4.2734725,3.365447
"post_EG_GSM1923014","EGCG treatment",6.761656,2.693678,2.609507,4.16093,2.989105,9.079417,7.890539,3.032138,5.656002,3.628884,5.947184,3.372441,2.584344,3.635039,2.920035,4.840649,3.730932,5.742089,4.176943,2.716264,5.547932,4.01592,2.12252,2.739764,4.840649,3.300058,2.199121,2.823623,3.604516,4.148819,3.131953,2.27784,3.241025,4.49801,4.237446,1.615791,4.4190315,2.119062,2.693678,6.322592,6.540018,5.145044,6.565404,9.627275,6.322592,6.173173,5.620043,5.746621,8.148478,7.001552,6.486619,4.24226,8.183543,7.48279,7.31191,5.734556,8.408518,6.702696,8.648643,8.438776,6.761656,3.597673,3.921858,6.609367,6.547845,8.669074,9.079417,5.670566,10.25483,6.915244,6.803237,8.0280915,3.910842,2.72842,7.237241,7.890539,7.121668,5.892553,7.105385,4.862161,9.079417,6.761656,7.890539,2.693678,8.388748,4.16093,9.797035,5.947184,7.871494,5.656002,8.669074,8.383125,9.264434,5.938795,2.609507,9.241373,5.282434,5.742089,7.5697675,7.969224,5.547932,6.322592,4.01592,4.840649,3.300058,6.66202,5.672833,4.148819,5.06897,6.806666,4.237446,6.305537,4.49801,7.300568,6.614895,7.330129,3.604516,4.597248,4.4190315,2.823623
"post_EQ_GSM192996","EGCG and Quercentin treatment",2.427704,3.052848,2.743898,4.893936,2.563539,7.697928,6.96056,3.118946,5.387603,4.435178,5.305202,2.733057,2.44098,4.33767,3.050078,5.054548,2.700581,4.772978,3.119737,2.892438,4.68255,4.310873,3.424337,3.53744,5.054548,5.635063,2.794842,3.375301,3.744242,3.633708,2.828575,2.404082,3.967495,4.677317,4.216005,1.762162,5.036717,2.620892,3.052848,5.903659,7.039741,7.740302,7.026289,9.5999,5.903659,7.659682,6.947811,7.025535,9.035988,6.820817,7.000079,5.829978,8.270761,7.796389,8.092734,6.5424,8.397844,6.495778,8.807296,8.839487,2.427704,4.110287,3.075671,7.447532,5.911707,8.119132,7.697928,5.530193,9.953789,6.976113,7.520467,8.2165545,4.130211,2.886344,6.989304,6.96056,7.589917,5.383403,7.709848,4.2078,7.697928,2.427704,6.96056,3.052848,6.003469,4.893936,9.119679,5.305202,4.885742,5.387603,8.119132,8.697583,9.241217,5.131209,2.743898,9.082642,5.207904,4.772978,7.5639645,7.928662,4.68255,5.903659,4.310873,5.054548,5.635063,3.671858,5.782651,3.633708,4.713947,7.012457,4.216005,7.431625,4.677317,7.482733,7.724177,8.929095,3.744242,4.666132,5.036717,3.375301
"post_EQ_GSM1923003","EGCG and Quercentin treatment",3.137046,3.10222,3.226776,2.541502,3.233945,6.728965,6.832266,3.584498,3.99558,3.894447,6.328917,3.214177,2.177983,3.548043,2.764291,4.743489,2.408612,5.860793,3.662511,2.682071,5.161864,3.580882,2.190556,3.255172,4.743489,3.31929,2.358409,2.878293,3.645178,4.7944,3.574881,2.78279,3.190274,5.087781,4.677374,2.031818,4.1641185,2.459692,3.10222,7.950787,7.803569,7.091697,8.537401,11.58985,7.950787,7.964205,10.1962,5.896317,10.08507,8.551716,8.651437,6.181441,7.786587,8.789339,8.634794,7.332567,10.5939,8.027521,10.13814,9.66853,3.137046,2.660346,4.015993,5.993151,5.307204,7.503975,6.728965,5.510973,10.58238,6.222389,6.719985,7.369837,3.808141,3.10409,6.667692,6.832266,8.051022,6.272635,6.142346,4.545978,6.728965,3.137046,6.832266,3.10222,7.091983,2.541502,9.38456,6.328917,5.507178,3.99558,7.503975,7.939892,8.854331,4.946217,3.226776,8.493857,5.642959,5.860793,7.1673705,7.323971,5.161864,7.950787,3.580882,4.743489,3.31929,7.525222,7.221272,4.7944,5.138184,7.918637,4.677374,6.892733,5.087781,9.435266,7.809474,9.050573,3.645178,6.578716,4.1641185,2.878293
"post_EQ_GSM1923009","EGCG and Quercentin treatment",5.007051,3.584512,2.87134,3.360436,2.357943,7.830197,7.267973,3.755263,5.659101,4.438204,5.241449,3.107518,2.344524,3.625212,2.660055,4.165302,3.238852,4.943952,3.279507,2.882871,4.150652,4.449759,2.047845,3.680403,4.165302,4.905072,2.095552,3.218552,3.295518,3.950391,2.797498,2.141819,3.573056,4.975688,4.357222,2.088993,5.200315,2.122816,3.584512,8.581388,7.717729,6.878068,7.245165,10.29944,8.581388,7.85086,6.014792,7.352423,8.992656,10.44944,6.36728,6.517202,8.202093,8.77482,7.955797,7.57986,8.497488,7.017735,9.07758,9.290818,5.007051,3.311558,3.245117,7.120434,5.756958,7.563985,7.830197,5.458944,9.732656,5.816708,6.799205,7.8862085,3.612584,3.146844,7.038128,7.267973,7.842779,5.710556,7.587909,4.567094,7.830197,5.007051,7.267973,3.584512,7.017175,3.360436,9.538849,5.241449,8.290995,5.659101,7.563985,8.411731,9.502459,4.809376,2.87134,8.790973,5.218734,4.943952,7.457869,8.217247,4.150652,8.581388,4.449759,4.165302,4.905072,6.609111,5.87324,3.950391,5.120459,7.185274,4.357222,6.78672,4.975688,8.050997,7.409118,8.283017,3.295518,4.784383,5.200315,3.218552
"post_EQ_GSM1923016","EGCG and Quercentin treatment",2.960443,3.112173,3.928728,4.825012,2.578497,9.018084,8.186852,3.227024,5.648862,3.693426,5.406178,2.841691,2.399625,3.647851,2.932639,5.324278,2.548895,5.343125,4.092943,2.655846,6.283531,4.476717,2.470551,3.693751,5.324278,5.447308,2.794276,3.934861,4.178654,5.168087,2.797202,2.147881,3.898541,3.172379,6.072282,2.236031,4.620352,2.37493,3.112173,5.350835,8.222206,6.861707,6.963031,10.34225,5.350835,8.621956,5.199347,6.712823,8.444243,6.446705,6.683014,5.489808,8.472079,9.090113,7.553405,7.370322,8.607826,7.80757,8.197358,7.957779,2.960443,2.296012,4.252715,6.058447,4.534206,7.484712,9.018084,5.540454,9.544022,5.982982,6.879534,7.430038,3.691813,3.300801,6.788158,8.186852,8.911701,5.783059,7.131244,4.354688,9.018084,2.960443,8.186852,3.112173,6.402933,4.825012,9.144921,5.406178,5.664503,5.648862,7.484712,7.733289,8.931672,5.037626,3.928728,8.114603,5.091768,5.343125,7.3447925,7.725022,6.283531,5.350835,4.476717,5.324278,5.447308,6.644725,5.273255,5.168087,5.288314,7.223956,6.072282,7.654583,3.172379,7.566235,8.29199,7.703988,4.178654,4.996114,4.620352,3.934861
"post_EQ_GSM1923019","EGCG and Quercentin treatment",3.446559,3.244807,2.814982,2.946133,2.31012,8.074804,6.966214,2.983323,5.342055,4.386437,5.320288,3.21419,2.292995,3.087612,3.072193,4.082217,2.664578,5.290121,3.822774,3.048157,5.505964,3.845018,2.651674,2.488126,4.082217,3.184214,2.394529,4.089132,3.682128,4.703807,4.040437,2.707348,3.514594,5.283709,5.38552,1.735773,3.940056,2.146768,3.244807,8.706761,8.856528,7.790562,7.303243,10.35155,8.706761,8.938608,5.013575,8.414383,8.63734,7.120396,6.921742,5.25426,9.008548,9.187703,7.552294,7.809787,8.450035,7.627996,8.514254,8.562681,3.446559,2.763831,3.317393,5.590872,5.04793,9.382847,8.074804,5.505969,7.535823,7.028103,7.356482,8.0163355,3.776187,3.874656,7.605242,6.966214,8.910152,6.871516,6.830412,4.781677,8.074804,3.446559,6.966214,3.244807,6.419608,2.946133,9.157377,5.320288,8.136298,5.342055,9.382847,8.013553,8.889157,4.907098,2.814982,8.455405,5.066716,5.290121,7.329351,7.727964,5.505964,8.706761,3.845018,4.082217,3.184214,4.167722,5.630321,4.703807,9.747406,8.434786,5.38552,7.307591,5.283709,7.722712,7.659492,8.608315,3.682128,5.348597,3.940056,4.089132
"post_EQ_GSM1923023","EGCG and Quercentin treatment",3.151683,2.657585,2.051197,2.932543,2.383018,7.873861,7.202069,2.988232,5.249089,4.480537,5.614786,2.993068,2.802598,3.169832,2.743607,4.078527,2.772277,4.226533,3.01604,2.660297,4.479595,3.565732,2.158573,2.333937,4.078527,3.844402,2.488586,2.922616,3.679098,3.859278,3.343607,3.004642,3.236636,5.249603,4.622921,2.260481,5.194638,2.425967,2.657585,8.425818,6.542171,5.077416,9.144846,12.42471,8.425818,7.596479,10.32815,4.968812,10.45839,7.580519,6.849542,5.198147,8.356019,8.423525,9.218049,7.31393,10.85882,6.379083,10.06867,9.900647,3.151683,3.241366,3.819692,6.074282,4.93323,5.260391,7.873861,4.929681,9.47855,5.874768,7.015967,7.361815,3.711281,3.242997,6.527917,7.202069,7.877195,5.30081,8.918526,4.211994,7.873861,3.151683,7.202069,2.657585,6.658344,2.932543,9.293158,5.614786,8.303211,5.249089,5.260391,7.634162,8.462263,4.71757,2.051197,8.037745,5.201594,4.226533,6.6125285,7.252233,4.479595,8.425818,3.565732,4.078527,3.844402,6.990861,8.466906,3.859278,5.625638,8.068832,4.622921,7.269157,5.249603,9.591305,7.075865,8.044639,3.679098,5.03436,5.194638,2.922616
"post_EQ_GSM192997","EGCG and Quercentin treatment",7.39416,3.565466,2.159757,3.230829,2.652509,7.716066,7.137103,2.655874,5.523956,4.215346,5.416752,2.908655,3.399171,3.257447,2.698809,5.707513,2.369415,4.688094,3.377038,3.047584,4.413396,4.561479,3.112631,2.714277,5.707513,5.294223,3.151293,4.018044,2.83766,4.757572,2.982416,3.551652,3.136315,4.448357,4.826534,1.951763,4.6262245,2.22587,3.565466,8.528305,7.575119,6.437828,7.201931,10.33777,8.528305,7.809654,7.956069,5.062799,8.400677,6.911358,6.406588,7.155084,8.565988,8.510585,7.572071,7.411037,8.873499,6.966662,8.679586,8.037309,7.39416,2.863248,3.670649,6.698794,5.101391,6.336634,7.716066,6.521782,8.115911,6.948423,7.470087,7.375707,3.308388,3.3553,7.079801,7.137103,7.743999,5.709005,7.608439,4.297514,7.716066,7.39416,7.137103,3.565466,8.965363,3.230829,8.659708,5.416752,7.98936,5.523956,6.336634,8.145864,9.266195,6.561772,2.159757,8.581922,5.707659,4.688094,6.6935255,8.085601,4.413396,8.528305,4.561479,5.707513,5.294223,7.744453,6.280276,4.757572,5.131331,8.176865,4.826534,7.708737,4.448357,7.654172,7.981943,8.517046,2.83766,4.848216,4.6262245,4.018044
