"","value","change","pre_GSM1923000","pre_GSM1923004","pre_GSM1923010","pre_GSM1923012","pre_GSM1923007","pre_GSM1923020","pre_GSM192998","pre_GSM1922995","pre_GSM1923002","pre_GSM1923008","pre_GSM1923015","pre_GSM1923018","pre_GSM1923022","pre_GSM1923017","post_EG_GSM1923001","post_EG_GSM1923005","post_EG_GSM1923011","post_EG_GSM1923013","post_EG_GSM1923021","post_EG_GSM1923006","post_EG_GSM1923014","post_EQ_GSM192996","post_EQ_GSM1923003","post_EQ_GSM1923009","post_EQ_GSM1923016","post_EQ_GSM1923019","post_EQ_GSM1923023","post_EQ_GSM192997"
"HBZ","Fold Change EGCG",1.1979564648915,5.811648,5.069629,6.523757,3.919103,3.86604,7.004467,6.80334,3.463336,5.055998,4.500188,3.313138,2.791657,3.460742,6.49291,5.949213,5.355846,4.110092,6.065581,7.461491,5.072135,6.761656,2.427704,3.137046,5.007051,2.960443,3.446559,3.151683,7.39416
"FAU","Fold Change EGCG",1.19519831765561,2.923815,3.196819,3.117909,2.450092,2.701025,2.93315,2.538203,2.92258,3.709078,3.363532,3.29523,2.712208,2.283188,2.842638,3.573943,3.869781,3.168412,3.493053,4.284653,3.411751,2.693678,3.052848,3.10222,3.584512,3.112173,3.244807,2.657585,3.565466
"RNA5SP449","Fold Change EGCG",1.15303699904635,3.236636,3.436943,2.643492,2.394457,2.329058,2.719405,2.585292,2.316245,2.779747,2.705528,2.990566,2.758645,3.183854,2.826351,3.748873,3.630504,3.06006,3.161716,3.210827,3.008668,2.609507,2.743898,3.226776,2.87134,3.928728,2.814982,2.051197,2.159757
"RNY3P16","Fold Change EGCG",1.15299807358301,3.175538,4.714185,2.78867,3.581125,3.960004,3.358239,3.516727,3.861783,4.316494,4.311824,3.72357,2.650609,3.83391,3.562766,3.742654,5.294493,3.64987,4.996494,3.874503,3.88742,4.16093,4.893936,2.541502,3.360436,4.825012,2.946133,2.932543,3.230829
"MTCO2P29","Fold Change EGCG",1.12397865892496,2.710522,2.405929,2.597339,2.218805,2.976291,2.569777,2.258775,2.618027,2.571665,2.925948,2.697137,2.303258,2.173146,2.966132,3.081719,2.65705,3.278426,2.435193,2.80391,2.982139,2.989105,2.563539,3.233945,2.357943,2.578497,2.31012,2.383018,2.652509
"TMEM176A","Fold Change EGCG",1.12129386524043,8.234849,10.17415,9.692642,9.823821,8.315637,9.197305,7.918641,7.678146,6.915335,7.677896,9.219242,7.738728,8.038414,6.521366,8.261001,10.30215,9.6131,9.378744,9.459219,9.584011,9.079417,7.697928,6.728965,7.830197,9.018084,8.074804,7.873861,7.716066
"TMEM176B","Fold Change EGCG",1.10566416369654,7.590224,8.562156,9.000389,8.615328,7.479093,8.458378,6.951741,6.795467,6.976371,7.125981,8.368604,7.022178,7.24143,6.800087,7.40834,8.71894,8.723102,8.87225,8.598404,8.934507,7.890539,6.96056,6.832266,7.267973,8.186852,6.966214,7.202069,7.137103
"PSG1","Fold Change EGCG",1.09818642824966,3.37865,3.592083,2.956225,2.864717,2.961254,2.785112,2.640877,2.968819,3.691666,3.117869,2.902952,2.81784,2.999175,2.642785,3.321838,3.656686,3.610793,3.054667,3.4991,3.062416,3.032138,3.118946,3.584498,3.755263,3.227024,2.983323,2.988232,2.655874
"CYP4F35P","Fold Change EGCG",1.09482017025642,5.727632,4.453184,4.743564,5.059506,5.341248,5.342484,5.627999,4.791713,3.523219,4.764615,5.844336,6.108862,3.653342,3.393748,5.331326,5.425857,5.051238,5.652168,5.159725,5.153096,5.656002,5.387603,3.99558,5.659101,5.648862,5.342055,5.249089,5.523956
"RN7SKP198","Fold Change EGCG",1.09284182426493,4.638636,4.436777,4.5267,4.315451,3.925748,4.564003,3.621635,4.346113,4.703253,3.809677,4.002262,4.283495,4.2086,4.242674,4.83402,4.940313,4.780491,4.714173,4.572099,5.11038,3.628884,4.435178,3.894447,4.438204,3.693426,4.386437,4.480537,4.215346
"RNA5SP63","Fold Change EGCG",1.0899679117,6.031024,6.647255,6.119845,5.483854,5.280619,4.799551,4.903502,6.227046,6.127749,5.646268,5.341722,5.78592,4.254113,5.273703,5.919379,5.900205,6.717534,5.701843,6.141848,6.13834,5.947184,5.305202,6.328917,5.241449,5.406178,5.320288,5.614786,5.416752
"NPY5R","Fold Change EGCG",1.08884945741229,3.009981,3.114035,3.21424,2.687575,3.069981,2.957445,3.070503,2.962789,2.875265,2.976118,3.051528,2.776554,2.888251,3.083964,3.089412,3.074352,3.670423,2.846602,3.392733,3.277361,3.372441,2.733057,3.214177,3.107518,2.841691,3.21419,2.993068,2.908655
"MIR548AD","Fold Change EGCG",1.0882735759278,2.138376,2.369435,2.336002,2.191544,2.302679,2.243055,2.44179,2.969253,2.920373,2.432497,2.454181,2.323431,2.086755,2.448912,3.004035,2.474798,2.229012,2.405735,3.389984,2.226802,2.584344,2.44098,2.177983,2.344524,2.399625,2.292995,2.802598,3.399171
"RN7SL452P","Fold Change EGCG",1.08679618330106,3.32528,2.845915,3.741096,3.58836,3.200579,3.208239,3.312527,3.697613,3.91207,3.152898,3.433363,3.281252,3.338976,3.144909,3.796416,4.063281,3.433363,3.769459,3.532828,3.408808,3.635039,4.33767,3.548043,3.625212,3.647851,3.087612,3.169832,3.257447
"GPR87","Fold Change EGCG",1.08675180682356,2.61623,2.698809,3.03402,2.661114,2.571358,2.812303,2.558576,2.490596,2.582445,2.633298,2.433648,2.575667,2.513911,2.685626,2.866827,2.693574,2.698809,2.718318,3.235313,2.90009,2.920035,3.050078,2.764291,2.660055,2.932639,3.072193,2.743607,2.698809
"RNU6-1024P","Fold Change EGCG",1.08635298063626,5.118808,2.348279,4.881846,4.90108,5.008736,5.854117,4.396429,4.970521,2.639625,3.464713,3.799605,3.783675,3.744827,3.464369,4.080317,5.535697,5.322618,5.330664,3.434441,3.164427,4.840649,5.054548,4.743489,4.165302,5.324278,4.082217,4.078527,5.707513
"BUD31P2","Fold Change EGCG",1.08454008148719,2.444807,2.858302,3.129294,2.43576,2.584532,2.647525,2.92514,2.893989,3.001687,2.854104,2.942713,2.447708,3.003138,2.665626,2.507442,2.718858,3.251645,2.920867,2.845185,3.083762,3.730932,2.700581,2.408612,3.238852,2.548895,2.664578,2.772277,2.369415
"RNU6-893P","Fold Change EGCG",1.08452298827636,4.729823,5.129372,5.060843,4.588546,5.721657,5.003718,4.914101,5.278355,4.776263,4.421556,4.316015,4.868808,4.242538,4.795249,5.471056,5.277777,5.909765,4.657054,4.805988,4.927002,5.742089,4.772978,5.860793,4.943952,5.343125,5.290121,4.226533,4.688094
"ZNF578","Fold Change EGCG",1.08370567797554,3.274085,3.33044,4.623713,4.046737,3.139522,3.110768,4.351112,3.679729,3.354205,3.370126,2.977812,3.399431,3.553453,3.179041,4.187703,3.44787,3.710559,4.349553,3.62088,3.268698,4.176943,3.119737,3.662511,3.279507,4.092943,3.822774,3.01604,3.377038
"RNU6-263P","Fold Change EGCG",1.08296845555113,2.601558,2.706857,2.77088,2.3526,2.812137,3.291925,2.204175,2.474747,2.160788,2.637111,2.93443,2.694846,3.275838,3.065146,2.971382,3.026773,2.529118,2.497802,4.186963,2.638914,2.716264,2.892438,2.682071,2.882871,2.655846,3.048157,2.660297,3.047584
"KARSP3","Fold Change EGCG+Quercentin",1.20147519555536,3.236636,3.370126,3.251732,3.045036,5.658116,2.394456,6.275847,4.549771,5.012138,2.584302,3.750945,3.562265,7.463402,3.570185,2.031657,5.331456,3.150599,3.002369,4.226489,2.477271,5.547932,4.68255,5.161864,4.150652,6.283531,5.505964,4.479595,4.413396
"RNU4-51P","Fold Change EGCG+Quercentin",1.17394198690768,3.411485,3.035656,3.709145,3.01495,3.386954,3.410872,3.553139,3.596871,3.617172,3.46575,4.313459,3.380232,3.832153,3.321366,3.490727,4.232907,3.456671,3.761265,3.326652,3.155035,4.01592,4.310873,3.580882,4.449759,4.476717,3.845018,3.565732,4.561479
"RNU6-1244P","Fold Change EGCG+Quercentin",1.16278142136414,2.2018,1.824639,1.854291,2.342321,1.768834,1.94207,2.24259,3.424106,1.881448,2.034415,3.152341,2.166299,2.288224,1.933477,2.047374,2.85743,2.134356,1.809812,2.291333,2.447795,2.12252,3.424337,2.190556,2.047845,2.470551,2.651674,2.158573,3.112631
"RNU6-403P","Fold Change EGCG+Quercentin",1.1376790402047,2.374033,2.589489,2.714277,2.94853,2.564433,2.615167,2.455437,2.934895,3.224197,2.740385,2.879177,2.742985,2.397173,2.973124,2.714277,2.485653,2.646993,3.654999,2.149714,2.577765,2.739764,3.53744,3.255172,3.680403,3.693751,2.488126,2.333937,2.714277
"RNU6-1024P1","Fold Change EGCG+Quercentin",1.13592970337616,5.118808,2.348279,4.881846,4.90108,5.008736,5.854117,4.396429,4.970521,2.639625,3.464713,3.799605,3.783675,3.744827,3.464369,4.080317,5.535697,5.322618,5.330664,3.434441,3.164427,4.840649,5.054548,4.743489,4.165302,5.324278,4.082217,4.078527,5.707513
"COX7B","Fold Change EGCG+Quercentin",1.13441490360885,3.684098,3.101303,4.116078,3.492036,3.929107,4.295516,4.63121,4.491021,4.523447,3.603166,4.617862,4.653553,3.957126,2.668152,3.087768,3.723906,3.207069,3.900589,4.582647,3.60677,3.300058,5.635063,3.31929,4.905072,5.447308,3.184214,3.844402,5.294223
"ZNF847P","Fold Change EGCG+Quercentin",1.12836921677981,2.774108,2.205165,2.327527,2.224784,2.407853,2.192885,2.121907,2.508331,2.451142,2.546446,2.02687,2.16702,2.064669,2.023087,2.357377,1.932529,2.3634,2.330837,2.340211,2.102863,2.199121,2.794842,2.358409,2.095552,2.794276,2.394529,2.488586,3.151293
"RNU6-853P","Fold Change EGCG+Quercentin",1.12684406548504,2.839938,2.789659,3.102854,2.738443,2.670711,2.876158,3.085255,3.275527,2.947542,3.176307,4.236188,2.869511,3.81135,2.952661,2.771961,2.907065,2.681999,2.759539,2.832179,3.365447,2.823623,3.375301,2.878293,3.218552,3.934861,4.089132,2.922616,4.018044
"RNU6-943P","Fold Change EGCG+Quercentin",1.12566451318903,3.294064,2.930063,3.668304,3.275517,2.946633,2.694439,3.130377,3.393719,3.099114,3.249888,3.556128,2.714196,3.563811,3.012961,2.940627,2.343109,3.162296,3.336897,2.891805,2.896197,3.604516,3.744242,3.645178,3.295518,4.178654,3.682128,3.679098,2.83766
"RNA5SP30","Fold Change EGCG+Quercentin",1.11653860925354,3.630963,4.835207,3.515635,3.845782,3.838985,5.142002,4.000862,4.496307,3.452406,4.249281,4.170519,3.440986,3.180736,3.491284,4.359956,3.772393,3.980061,3.733911,3.339392,3.929165,4.148819,3.633708,4.7944,3.950391,5.168087,4.703807,3.859278,4.757572
"OR5M10","Fold Change EGCG+Quercentin",1.10477325319024,2.863583,2.909033,3.251732,3.395484,2.586781,2.936849,2.930313,2.878068,2.811882,2.71892,2.699138,2.934319,2.765297,2.805852,2.956923,2.826232,3.090506,2.68898,2.7931,2.909598,3.131953,2.828575,3.574881,2.797498,2.797202,4.040437,3.343607,2.982416
"RNY1P5","Fold Change EGCG+Quercentin",1.1002826619714,2.017035,2.410734,2.464911,1.890544,2.834182,2.597563,2.54561,2.77106,2.471262,2.237279,2.486047,2.816159,2.248263,2.273714,2.259405,2.589482,2.092072,2.698951,2.677737,2.437222,2.27784,2.404082,2.78279,2.141819,2.147881,2.707348,3.004642,3.551652
"DDX18P6","Fold Change EGCG+Quercentin",1.0976740481414,3.241025,3.067835,3.557154,3.241025,2.77931,3.09656,3.227246,3.176733,3.210181,3.277802,3.297224,3.085339,3.241025,3.172199,3.581139,3.480985,3.083178,3.003349,2.787638,3.281048,3.241025,3.967495,3.190274,3.573056,3.898541,3.514594,3.236636,3.136315
"HMGB3P24","Fold Change EGCG+Quercentin",1.09673527317481,4.27694,4.598945,4.338547,4.862531,4.285501,3.948353,3.775146,4.118515,4.983908,4.824197,3.837341,4.110156,3.85841,4.168336,3.892712,4.307755,4.618551,3.515645,4.392764,4.088903,4.49801,4.677317,5.087781,4.975688,3.172379,5.283709,5.249603,4.448357
"LINC01356","Fold Change EGCG+Quercentin",1.09630937171564,4.364758,4.458671,4.825437,4.959461,3.549182,4.386386,4.537256,4.249209,4.989921,3.83243,4.172018,3.358146,5.011254,5.620139,4.852013,4.89097,4.491223,4.175975,4.914523,4.462373,4.237446,4.216005,4.677374,4.357222,6.072282,5.38552,4.622921,4.826534
"MTCO1P11","Fold Change EGCG+Quercentin",1.09497767021839,1.691963,1.677882,1.76393,1.71489,1.886315,1.759618,2.30924,1.90949,2.009905,1.634024,1.727826,2.033664,1.692853,1.882113,1.573209,1.899811,1.665071,1.786048,1.933759,1.613892,1.615791,1.762162,2.031818,2.088993,2.236031,1.735773,2.260481,1.951763
"RPS7","Fold Change EGCG+Quercentin",1.09164691380109,4.3154345,3.8521165,4.25758,4.0559025,4.2646525,4.3983355,4.279754,5.185456,4.013799,4.1455885,4.3816285,4.186968,4.0044175,4.718851,3.9319885,4.731526,4.443668,4.6141645,4.3633705,4.2734725,4.4190315,5.036717,4.1641185,5.200315,4.620352,3.940056,5.194638,4.6262245
"RNU6-98P","Fold Change EGCG+Quercentin",1.08966174574791,1.891458,2.050228,2.241666,2.082704,2.137153,2.060897,2.121304,2.143853,2.244068,2.002282,1.904648,2.685178,2.309709,2.183602,2.212602,2.084784,2.203373,2.221457,1.978951,2.318737,2.119062,2.620892,2.459692,2.122816,2.37493,2.146768,2.425967,2.22587
"FAU1","Fold Change EGCG+Quercentin",1.08904128955861,2.923815,3.196819,3.117909,2.450092,2.701025,2.93315,2.538203,2.92258,3.709078,3.363532,3.29523,2.712208,2.283188,2.842638,3.573943,3.869781,3.168412,3.493053,4.284653,3.411751,2.693678,3.052848,3.10222,3.584512,3.112173,3.244807,2.657585,3.565466
"GSTM1","Fold Change EGCG+Quercentin",1.08827518150161,8.472179,6.076176,6.174376,6.026742,6.458577,5.554105,6.361301,6.012029,7.862147,8.596789,5.537547,8.948875,8.214592,7.9289,8.730453,5.601388,6.366739,6.313624,5.863973,5.765924,6.322592,5.903659,7.950787,8.581388,5.350835,8.706761,8.425818,8.528305
"RNU4-2","Down Regulated EGCG",0.724742571428571,8.327796,7.4665,7.294303,7.256128,7.6907,7.743725,8.194386,7.506886,7.817271,8.045245,8.391516,9.026752,6.769595,8.115437,6.25269,7.938001,7.687862,7.062013,7.569274,6.700064,6.540018,7.039741,7.803569,7.717729,8.222206,8.856528,6.542171,7.575119
"TMTC1","Down Regulated EGCG",0.68544,5.368236,6.849525,5.133677,7.026363,6.744016,4.787425,7.462216,7.829046,7.055426,6.979723,7.171209,7.166209,5.084648,8.352043,4.848335,6.759398,5.230656,7.895698,4.955577,6.872093,5.145044,7.740302,7.091697,6.878068,6.861707,7.790562,5.077416,6.437828
"SLFN14","Down Regulated EGCG",0.614813785714285,6.920948,6.871564,7.013676,5.894792,7.347084,7.466074,7.734507,7.225273,8.492467,7.073551,6.917688,7.704072,8.571956,7.416633,6.388772,6.694151,6.506222,7.099987,7.298946,6.467964,6.565404,7.026289,8.537401,7.245165,6.963031,7.303243,9.144846,7.201931
"SLC14A1","Down Regulated EGCG",0.59353807142857,9.845773,10.34326,9.47344,9.201641,10.14733,10.12761,10.99537,9.363169,11.51621,10.41857,10.3765,10.72244,11.84463,10.11232,9.546643,10.28014,8.955799,9.743366,10.16968,9.766462,9.627275,9.5999,11.58985,10.29944,10.34225,10.35155,12.42471,10.33777
"GSTM11","Down Regulated EGCG",0.592496357142857,8.472179,6.076176,6.174376,6.026742,6.458577,5.554105,6.361301,6.012029,7.862147,8.596789,5.537547,8.948875,8.214592,7.9289,8.730453,5.601388,6.366739,6.313624,5.863973,5.765924,6.322592,5.903659,7.950787,8.581388,5.350835,8.706761,8.425818,8.528305
"SCARNA10","Down Regulated EGCG",0.587677071428571,8.062058,7.402003,7.134168,7.705833,8.546481,8.402628,6.50957,7.869164,8.627264,7.908354,7.997349,8.827578,8.532614,8.454391,6.477332,8.065611,7.276847,7.592211,8.669718,7.621096,6.173173,7.659682,7.964205,7.85086,8.621956,8.938608,7.596479,7.809654
"RNF182","Down Regulated EGCG",0.583718428571429,5.898824,9.661179,4.698263,6.551296,6.222152,5.657006,8.664271,7.097365,10.20627,5.984591,5.781807,5.665356,10.22247,8.922358,5.718733,9.667198,5.317696,7.193083,5.763507,7.250315,5.620043,6.947811,10.1962,6.014792,5.199347,5.013575,10.32815,7.956069
"LINC00189","Down Regulated EGCG",0.573705571428571,5.008105,5.074153,5.969443,6.103569,7.737411,5.132412,6.972443,6.869028,5.597713,6.673177,6.901049,7.79761,4.174501,7.720346,5.307739,5.376432,5.277018,6.187052,5.000858,6.953821,5.746621,7.025535,5.896317,7.352423,6.712823,8.414383,4.968812,5.062799
"XK","Down Regulated EGCG",0.560327642857143,8.649788,9.159578,7.632213,7.922269,8.797106,8.676796,9.290656,8.7299,9.923145,9.287848,8.40299,8.913815,10.21627,8.923471,8.289977,9.000059,7.453115,8.468859,8.646244,8.333897,8.148478,9.035988,10.08507,8.992656,8.444243,8.63734,10.45839,8.400677
"TSPAN7","Down Regulated EGCG",0.550077785714286,7.270642,7.641379,6.163517,6.095269,7.061808,6.79943,8.052944,6.900731,8.537998,10.6927,6.548839,7.507761,7.200236,7.722299,7.070602,7.635836,6.184412,6.464887,6.705126,7.184817,7.001552,6.820817,8.551716,10.44944,6.446705,7.120396,7.580519,6.911358
"SFRP2","Down Regulated EGCG",0.542122785714286,6.242383,6.199125,6.419077,6.436749,7.064362,7.004295,7.250219,6.970616,8.568158,6.583425,6.891493,7.580279,6.462964,6.829654,6.127592,6.082124,5.52437,6.79482,6.990051,6.450964,6.486619,7.000079,8.651437,6.36728,6.683014,6.921742,6.849542,6.406588
"ORM1","Down Regulated EGCG",0.531246214285714,5.392341,5.107743,6.1606,5.326785,6.468585,7.48913,6.30702,5.67574,6.234042,6.417063,5.107102,4.849042,5.151833,7.296613,4.454395,4.531877,5.392102,5.990294,7.2191,5.943068,4.24226,5.829978,6.181441,6.517202,5.489808,5.25426,5.198147,7.155084
"LRP1","Down Regulated EGCG",0.5302475,9.438645,8.930514,8.713573,8.025482,8.816051,8.187409,8.200642,8.426199,7.856422,8.178926,8.585566,9.596701,8.402471,9.09301,8.079201,7.932209,8.670917,7.730622,7.846555,8.071026,8.183543,8.270761,7.786587,8.202093,8.472079,9.008548,8.356019,8.565988
"RPPH1","Down Regulated EGCG",0.525648357142856,9.436149,8.994946,8.530666,8.257639,9.331375,8.666814,8.732365,7.994755,8.892643,8.9312,8.972183,9.633449,8.903378,8.734781,8.406297,8.640158,8.335856,8.353057,8.802331,8.306144,7.48279,7.796389,8.789339,8.77482,9.090113,9.187703,8.423525,8.510585
"ALDH5A1","Down Regulated EGCG",0.509673428571429,7.952618,8.139573,7.678496,7.215479,8.269623,7.154166,8.699712,7.983555,8.517094,8.259899,7.593282,7.671036,8.731031,8.139548,7.77905,7.806866,7.203592,7.756974,6.975428,7.601022,7.31191,8.092734,8.634794,7.955797,7.553405,7.552294,9.218049,7.572071
"LGALS2","Down Regulated EGCG",0.507206285714286,5.889227,6.590998,7.991654,6.16583,6.852998,6.887355,7.513904,6.436921,7.344245,7.500143,7.208789,7.644198,7.403719,7.683429,5.990546,6.847225,7.667832,6.305082,6.824337,6.636683,5.734556,6.5424,7.332567,7.57986,7.370322,7.809787,7.31393,7.411037
"IFIT1B","Down Regulated EGCG",0.507117285714287,7.819321,9.213772,8.217195,7.680322,8.573379,9.369111,10.0584,8.137804,10.68292,8.62677,8.57902,9.019814,10.7683,9.217394,7.449615,9.74501,7.443933,8.362711,9.410426,8.611727,8.408518,8.397844,10.5939,8.497488,8.607826,8.450035,10.85882,8.873499
"RNA5SP242","Down Regulated EGCG",0.498469,7.915483,7.020733,7.740351,6.194974,7.000936,7.26008,7.285285,6.994006,8.065243,7.518399,7.358203,9.288952,7.44808,6.853621,6.861242,7.526591,6.911733,6.065194,7.551071,6.864363,6.702696,6.495778,8.027521,7.017735,7.80757,7.627996,6.379083,6.966662
"UBE2O","Down Regulated EGCG",0.495240571428571,8.555623,8.996534,8.176607,7.632955,8.938259,8.784403,9.059455,8.787931,10.16899,9.138132,8.370553,9.020329,9.965636,9.079515,8.293604,8.890228,7.848507,8.119076,8.617882,8.452837,8.648643,8.807296,10.13814,9.07758,8.197358,8.514254,10.06867,8.679586
"OSBP2","Down Regulated EGCG",0.493473285714286,8.490681,9.269087,7.417982,8.154993,8.547719,8.923566,9.498442,8.811042,9.617673,9.177885,8.077947,9.027387,9.784541,8.937953,8.246765,9.041632,7.199751,8.535689,8.643761,8.307762,8.438776,8.839487,9.66853,9.290818,7.957779,8.562681,9.900647,8.037309
"HBZ1","Down Regulated EGCG+Quercentin",0.930475785714286,5.811648,5.069629,6.523757,3.919103,3.86604,7.004467,6.80334,3.463336,5.055998,4.500188,3.313138,2.791657,3.460742,6.49291,5.949213,5.355846,4.110092,6.065581,7.461491,5.072135,6.761656,2.427704,3.137046,5.007051,2.960443,3.446559,3.151683,7.39416
"RNU6-1124P","Down Regulated EGCG+Quercentin",0.623611428571428,3.625595,3.955489,4.624758,3.142038,3.610108,3.446178,3.775698,4.566251,4.04022,2.999533,2.581622,3.543049,4.128722,3.184595,3.829879,4.693993,4.822496,4.014038,2.583134,3.494383,3.597673,4.110287,2.660346,3.311558,2.296012,2.763831,3.241366,2.863248
"RNU6-921P","Down Regulated EGCG+Quercentin",0.599531214285715,4.137214,4.339667,4.462494,4.716303,4.720361,4.590574,3.516193,4.739301,4.141136,4.676291,4.029157,3.660089,4.171865,3.287252,4.587255,3.971565,5.555689,4.250207,4.386709,4.632421,3.921858,3.075671,4.015993,3.245117,4.252715,3.317393,3.819692,3.670649
"IGKV2-26","Down Regulated EGCG+Quercentin",0.580852999999999,7.502052,7.072053,6.711569,7.97642,6.582178,6.289496,7.18733,7.245918,6.725072,7.266558,7.124655,7.287825,6.347554,6.780286,7.74379,7.145695,7.368058,7.609488,6.258324,6.988001,6.609367,7.447532,5.993151,7.120434,6.058447,5.590872,6.074282,6.698794
"IGKV1D-27","Down Regulated EGCG+Quercentin",0.577664571428572,5.756958,5.61757,5.503773,6.270058,6.292499,5.344773,5.904894,6.192151,5.259172,5.878548,5.465782,6.071668,5.59832,6.11639,6.645617,5.246081,5.991428,6.292499,5.849399,6.511136,6.547845,5.911707,5.307204,5.756958,4.534206,5.04793,4.93323,5.101391
"ALOX15","Down Regulated EGCG+Quercentin",0.564082714285715,8.618218,8.54088,9.012391,7.437176,8.769546,8.083969,6.793347,8.327738,7.634356,7.174583,7.906488,9.64069,4.640682,8.620446,8.089737,8.071516,9.167692,8.230452,8.388445,8.202385,8.669074,8.119132,7.503975,7.563985,7.484712,9.382847,5.260391,6.336634
"TMEM176A1","Down Regulated EGCG+Quercentin",0.519025857142858,8.234849,10.17415,9.692642,9.823821,8.315637,9.197305,7.918641,7.678146,6.915335,7.677896,9.219242,7.738728,8.038414,6.521366,8.261001,10.30215,9.6131,9.378744,9.459219,9.584011,9.079417,7.697928,6.728965,7.830197,9.018084,8.074804,7.873861,7.716066
"RNU6-1315P","Down Regulated EGCG+Quercentin",0.514345,5.965623,6.397019,5.630767,6.909309,6.306538,6.194286,5.803548,6.433755,6.418136,5.73684,5.303005,5.752495,5.560838,6.784663,6.016811,6.262485,6.044048,6.230087,5.955448,6.145019,5.670566,5.530193,5.510973,5.458944,5.540454,5.505969,4.929681,6.521782
"KIAA1324","Down Regulated EGCG+Quercentin",0.503210071428571,10.30821,9.935955,10.67592,8.440156,10.30233,10.42794,10.13504,9.994263,10.5396,9.57143,9.42232,8.023506,9.244128,9.910405,10.35717,9.295792,10.67136,8.524614,10.40935,9.734085,10.25483,9.953789,10.58238,9.732656,9.544022,7.535823,9.47855,8.115911
"IL1RL1","Down Regulated EGCG+Quercentin",0.458572785714285,7.686226,7.56243,7.375314,6.220163,7.696645,6.557677,7.316125,7.225058,6.473979,5.74683,6.571969,6.715892,5.604244,7.366439,7.413693,7.487288,7.456971,6.836432,6.642108,6.983094,6.915244,6.976113,6.222389,5.816708,5.982982,7.028103,5.874768,6.948423
"SNORA38B","Down Regulated EGCG+Quercentin",0.445933285714286,6.785851,6.638315,6.729556,8.13652,6.518712,10.17743,8.908377,8.138044,6.759503,7.282931,6.981231,8.483041,7.219204,7.007805,6.771927,7.147807,7.86698,7.883873,8.934456,6.894226,6.803237,7.520467,6.719985,6.799205,6.879534,7.356482,7.015967,7.470087
"HLA-DOA","Down Regulated EGCG+Quercentin",0.427822642857143,8.297891,8.1574705,8.3779135,8.7306995,7.8883575,7.9922495,8.418195,8.3332675,7.4548925,7.9629385,7.8940575,8.326974,7.5490185,7.918583,8.3527985,8.260955,8.240053,8.6195505,7.814332,7.918884,8.0280915,8.2165545,7.369837,7.8862085,7.430038,8.0163355,7.361815,7.375707
"IGHV3-47","Down Regulated EGCG+Quercentin",0.425214785714286,4.42794,4.057443,4.239655,3.933982,3.760212,4.084619,4.294885,4.778882,4.412323,3.876354,3.842627,4.68154,3.140019,4.499736,4.353493,4.341793,4.754691,4.087748,4.297094,3.696733,3.910842,4.130211,3.808141,3.612584,3.691813,3.776187,3.711281,3.308388
"VTRNA1-1","Down Regulated EGCG+Quercentin",0.423781428571429,3.918149,3.513016,3.153503,3.321703,3.557066,3.428813,4.092259,3.031099,3.21386,3.393577,3.76857,6.216463,3.204755,3.942171,3.035174,4.031562,3.350624,3.096735,3.158351,3.127791,2.72842,2.886344,3.10409,3.146844,3.300801,3.874656,3.242997,3.3553
"SMPD3","Down Regulated EGCG+Quercentin",0.423663285714285,7.846201,8.19033,7.559098,7.055265,7.994747,7.292734,7.882069,7.206326,6.559786,6.946569,6.826509,7.995934,6.238121,7.730081,7.44491,7.570262,7.77809,7.281763,7.275712,7.68045,7.237241,6.989304,6.667692,7.038128,6.788158,7.605242,6.527917,7.079801
"TMEM176B1","Down Regulated EGCG+Quercentin",0.420096642857143,7.590224,8.562156,9.000389,8.615328,7.479093,8.458378,6.951741,6.795467,6.976371,7.125981,8.368604,7.022178,7.24143,6.800087,7.40834,8.71894,8.723102,8.87225,8.598404,8.934507,7.890539,6.96056,6.832266,7.267973,8.186852,6.966214,7.202069,7.137103
"SNORA23","Down Regulated EGCG+Quercentin",0.412260857142856,8.268927,7.180117,7.811905,9.148938,7.980599,9.725664,8.134516,8.048693,8.924269,8.572343,9.432232,8.611336,8.309378,9.476265,7.508742,9.863466,8.21111,7.876519,9.019022,7.407968,7.121668,7.589917,8.051022,7.842779,8.911701,8.910152,7.877195,7.743999
"RNU5A-1","Down Regulated EGCG+Quercentin",0.396240142857143,6.132856,6.000473,5.055697,6.153654,6.626325,6.934309,6.249239,6.028975,5.806464,6.695676,6.018046,6.743095,5.56117,7.603351,5.402288,6.946068,5.09063,5.800428,7.147628,5.383152,5.892553,5.383403,6.272635,5.710556,5.783059,6.871516,5.30081,5.709005
"FOLR3","Down Regulated EGCG+Quercentin",0.392749285714286,7.227573,8.543058,6.03984,7.579003,10.13579,9.276039,7.764552,7.958322,6.342517,7.38727,7.640288,6.711778,8.866272,7.883636,7.191074,8.785271,5.976563,8.227284,9.460279,8.771425,7.105385,7.709848,6.142346,7.587909,7.131244,6.830412,8.918526,7.608439
"RN7SL218P","Down Regulated EGCG+Quercentin",0.392156857142857,4.254791,4.15778,5.208383,5.244798,4.388085,5.439103,5.099842,4.498331,4.957538,4.957379,4.869377,4.490073,4.326639,5.531567,4.430312,4.632414,4.029508,4.571495,4.487793,4.239394,4.862161,4.2078,4.545978,4.567094,4.354688,4.781677,4.211994,4.297514
"TMEM176A2","Up Regulated EGCG",-1.01493657142857,8.234849,10.17415,9.692642,9.823821,8.315637,9.197305,7.918641,7.678146,6.915335,7.677896,9.219242,7.738728,8.038414,6.521366,8.261001,10.30215,9.6131,9.378744,9.459219,9.584011,9.079417,7.697928,6.728965,7.830197,9.018084,8.074804,7.873861,7.716066
"HBZ2","Up Regulated EGCG",-0.962576785714286,5.811648,5.069629,6.523757,3.919103,3.86604,7.004467,6.80334,3.463336,5.055998,4.500188,3.313138,2.791657,3.460742,6.49291,5.949213,5.355846,4.110092,6.065581,7.461491,5.072135,6.761656,2.427704,3.137046,5.007051,2.960443,3.446559,3.151683,7.39416
"TMEM176B2","Up Regulated EGCG",-0.807481214285714,7.590224,8.562156,9.000389,8.615328,7.479093,8.458378,6.951741,6.795467,6.976371,7.125981,8.368604,7.022178,7.24143,6.800087,7.40834,8.71894,8.723102,8.87225,8.598404,8.934507,7.890539,6.96056,6.832266,7.267973,8.186852,6.966214,7.202069,7.137103
"FAU2","Up Regulated EGCG",-0.571505357142857,2.923815,3.196819,3.117909,2.450092,2.701025,2.93315,2.538203,2.92258,3.709078,3.363532,3.29523,2.712208,2.283188,2.842638,3.573943,3.869781,3.168412,3.493053,4.284653,3.411751,2.693678,3.052848,3.10222,3.584512,3.112173,3.244807,2.657585,3.565466
"HBZP1","Up Regulated EGCG",-0.570047,7.794837,7.282024,8.389799,7.196186,6.87005,8.829184,8.483055,6.043233,7.0888,6.641269,6.507183,6.678111,6.381455,8.212902,7.903615,7.468671,7.495716,7.672227,9.016326,7.24407,8.388748,6.003469,7.091983,7.017175,6.402933,6.419608,6.658344,8.965363
"RNY3P161","Up Regulated EGCG",-0.561234571428572,3.175538,4.714185,2.78867,3.581125,3.960004,3.358239,3.516727,3.861783,4.316494,4.311824,3.72357,2.650609,3.83391,3.562766,3.742654,5.294493,3.64987,4.996494,3.874503,3.88742,4.16093,4.893936,2.541502,3.360436,4.825012,2.946133,2.932543,3.230829
"IGKV1-5","Up Regulated EGCG",-0.500883714285715,9.347239,9.128321,9.639825,9.590477,9.561001,8.967034,9.41655,9.308955,9.01684,10.17195,9.110521,9.507219,9.232349,9.875731,9.922967,9.761224,11.4189,9.796797,9.124174,9.622095,9.797035,9.119679,9.38456,9.538849,9.144921,9.157377,9.293158,8.659708
"RNA5SP631","Up Regulated EGCG",-0.500749642857143,6.031024,6.647255,6.119845,5.483854,5.280619,4.799551,4.903502,6.227046,6.127749,5.646268,5.341722,5.78592,4.254113,5.273703,5.919379,5.900205,6.717534,5.701843,6.141848,6.13834,5.947184,5.305202,6.328917,5.241449,5.406178,5.320288,5.614786,5.416752
"TREML4","Up Regulated EGCG",-0.493424214285715,7.466928,5.353891,5.278979,7.433537,5.960432,8.521794,8.065818,5.446463,5.513658,8.141497,5.060966,7.810779,7.882119,5.898042,7.623088,5.723022,5.734277,7.726081,8.65979,7.033669,7.871494,4.885742,5.507178,8.290995,5.664503,8.136298,8.303211,7.98936
"CYP4F35P1","Up Regulated EGCG",-0.463098,5.727632,4.453184,4.743564,5.059506,5.341248,5.342484,5.627999,4.791713,3.523219,4.764615,5.844336,6.108862,3.653342,3.393748,5.331326,5.425857,5.051238,5.652168,5.159725,5.153096,5.656002,5.387603,3.99558,5.659101,5.648862,5.342055,5.249089,5.523956
"ALOX151","Up Regulated EGCG",-0.459863714285714,8.618218,8.54088,9.012391,7.437176,8.769546,8.083969,6.793347,8.327738,7.634356,7.174583,7.906488,9.64069,4.640682,8.620446,8.089737,8.071516,9.167692,8.230452,8.388445,8.202385,8.669074,8.119132,7.503975,7.563985,7.484712,9.382847,5.260391,6.336634
"IGKV3-11","Up Regulated EGCG",-0.441037357142857,8.531608,8.205757,8.159265,8.854791,8.53629,7.819931,8.900699,8.756651,7.793757,9.381006,7.876977,8.621697,7.877319,8.357267,8.869393,9.163091,9.989081,8.992926,7.879318,8.646835,8.383125,8.697583,7.939892,8.411731,7.733289,8.013553,7.634162,8.145864
"IGKV2-30","Up Regulated EGCG",-0.4379165,9.80499,9.489275,9.227246,9.984616,9.253304,9.122567,9.330873,9.358013,8.618487,9.926197,9.174845,9.167371,8.903975,9.589586,10.07821,9.590371,11.36097,9.624558,9.070177,9.552368,9.264434,9.241217,8.854331,9.502459,8.931672,8.889157,8.462263,9.266195
"ZFP57","Up Regulated EGCG",-0.4280465,5.099425,4.777316,6.400451,5.832144,5.096492,6.533839,4.958622,5.308321,5.377296,4.676762,4.749932,4.835622,5.031002,5.764567,5.177411,4.87443,5.830243,6.329623,6.359288,5.707431,5.938795,5.131209,4.946217,4.809376,5.037626,4.907098,4.71757,6.561772
"RNA5SP4491","Up Regulated EGCG",-0.425292214285714,3.236636,3.436943,2.643492,2.394457,2.329058,2.719405,2.585292,2.316245,2.779747,2.705528,2.990566,2.758645,3.183854,2.826351,3.748873,3.630504,3.06006,3.161716,3.210827,3.008668,2.609507,2.743898,3.226776,2.87134,3.928728,2.814982,2.051197,2.159757
"IGKV1-33","Up Regulated EGCG",-0.417029642857143,8.504716,8.538736,8.872813,9.21624,8.509806,8.222979,9.013853,9.230331,8.264961,9.176512,8.547084,9.041675,8.429285,8.889296,8.949943,9.064756,10.21784,9.421828,8.136599,9.116012,9.241373,9.082642,8.493857,8.790973,8.114603,8.455405,8.037745,8.581922
"CAV1","Up Regulated EGCG",-0.412508928571429,5.41404,5.63679,5.381947,5.358056,5.329176,5.343532,5.090943,5.573716,5.194315,5.361321,5.122855,5.456933,5.338375,5.216572,5.291029,5.799579,7.845604,5.598543,5.16765,5.312009,5.282434,5.207904,5.642959,5.218734,5.091768,5.066716,5.201594,5.707659
"RNU6-893P1","Up Regulated EGCG",-0.409615571428572,4.729823,5.129372,5.060843,4.588546,5.721657,5.003718,4.914101,5.278355,4.776263,4.421556,4.316015,4.868808,4.242538,4.795249,5.471056,5.277777,5.909765,4.657054,4.805988,4.927002,5.742089,4.772978,5.860793,4.943952,5.343125,5.290121,4.226533,4.688094
"POU2AF1","Up Regulated EGCG",-0.409293857142857,7.49751,7.66953,7.506255,7.9133495,7.2859585,7.296976,7.605768,7.499083,6.54772,7.289034,7.6211435,7.6316025,6.7842325,6.8645325,8.244645,7.725516,8.453935,7.7787545,7.2794735,7.319313,7.5697675,7.5639645,7.1673705,7.457869,7.3447925,7.329351,6.6125285,6.6935255
"IGKV2-24","Up Regulated EGCG",-0.398315071428572,8.060297,8.192456,7.905823,8.421768,7.83882,7.808922,8.330021,8.28389,7.422448,8.470101,7.923913,7.925795,7.709735,8.609476,8.606488,8.163542,10.36343,8.462289,7.680103,7.994862,7.969224,7.928662,7.323971,8.217247,7.725022,7.727964,7.252233,8.085601
"KARSP31","Up Regulated EGCG+Quercentin",-0.830724785714286,3.236636,3.370126,3.251732,3.045036,5.658116,2.394456,6.275847,4.549771,5.012138,2.584302,3.750945,3.562265,7.463402,3.570185,2.031657,5.331456,3.150599,3.002369,4.226489,2.477271,5.547932,4.68255,5.161864,4.150652,6.283531,5.505964,4.479595,4.413396
"GSTM12","Up Regulated EGCG+Quercentin",-0.619340785714286,8.472179,6.076176,6.174376,6.026742,6.458577,5.554105,6.361301,6.012029,7.862147,8.596789,5.537547,8.948875,8.214592,7.9289,8.730453,5.601388,6.366739,6.313624,5.863973,5.765924,6.322592,5.903659,7.950787,8.581388,5.350835,8.706761,8.425818,8.528305
"RNU4-51P1","Up Regulated EGCG+Quercentin",-0.609408285714286,3.411485,3.035656,3.709145,3.01495,3.386954,3.410872,3.553139,3.596871,3.617172,3.46575,4.313459,3.380232,3.832153,3.321366,3.490727,4.232907,3.456671,3.761265,3.326652,3.155035,4.01592,4.310873,3.580882,4.449759,4.476717,3.845018,3.565732,4.561479
"RNU6-1024P2","Up Regulated EGCG+Quercentin",-0.566794142857143,5.118808,2.348279,4.881846,4.90108,5.008736,5.854117,4.396429,4.970521,2.639625,3.464713,3.799605,3.783675,3.744827,3.464369,4.080317,5.535697,5.322618,5.330664,3.434441,3.164427,4.840649,5.054548,4.743489,4.165302,5.324278,4.082217,4.078527,5.707513
"COX7B1","Up Regulated EGCG+Quercentin",-0.535390642857142,3.684098,3.101303,4.116078,3.492036,3.929107,4.295516,4.63121,4.491021,4.523447,3.603166,4.617862,4.653553,3.957126,2.668152,3.087768,3.723906,3.207069,3.900589,4.582647,3.60677,3.300058,5.635063,3.31929,4.905072,5.447308,3.184214,3.844402,5.294223
"OCLN","Up Regulated EGCG+Quercentin",-0.478063499999999,3.689732,6.130703,7.136095,6.460763,6.327845,3.899995,4.002341,3.858411,7.702955,6.610095,6.839999,4.025669,7.094453,6.235959,3.658009,7.07148,7.197221,6.480009,3.183043,6.561533,6.66202,3.671858,7.525222,6.609111,6.644725,4.167722,6.990861,7.744453
"CTNNAL1","Up Regulated EGCG+Quercentin",-0.471180428571429,5.097876,6.411452,5.253568,4.569628,5.952301,6.450964,6.414011,5.610598,7.285121,5.84894,5.075598,5.340089,7.617988,5.531182,4.823223,7.414082,5.062014,5.641806,6.914743,5.560568,5.672833,5.782651,7.221272,5.87324,5.273255,5.630321,8.466906,6.280276
"RNA5SP301","Up Regulated EGCG+Quercentin",-0.460252214285715,3.630963,4.835207,3.515635,3.845782,3.838985,5.142002,4.000862,4.496307,3.452406,4.249281,4.170519,3.440986,3.180736,3.491284,4.359956,3.772393,3.980061,3.733911,3.339392,3.929165,4.148819,3.633708,4.7944,3.950391,5.168087,4.703807,3.859278,4.757572
"C4BPA","Up Regulated EGCG+Quercentin",-0.434463428571428,5.294201,4.922786,5.135108,4.593153,5.000043,4.995357,4.947705,4.6054,5.72575,4.863747,5.361488,8.962273,5.617418,5.423641,4.984426,5.064595,4.897905,4.763914,5.049961,4.984906,5.06897,4.713947,5.138184,5.120459,5.288314,9.747406,5.625638,5.131331
"CD274","Up Regulated EGCG+Quercentin",-0.432865357142858,7.037835,6.904259,7.888517,6.925076,7.096611,7.148675,8.057865,6.886828,7.866396,6.818688,7.360441,6.911521,7.839045,7.239742,7.565337,7.51557,7.06132,7.666081,7.482051,7.797422,6.806666,7.012457,7.918637,7.185274,7.223956,8.434786,8.068832,8.176865
"LINC013561","Up Regulated EGCG+Quercentin",-0.428674857142857,4.364758,4.458671,4.825437,4.959461,3.549182,4.386386,4.537256,4.249209,4.989921,3.83243,4.172018,3.358146,5.011254,5.620139,4.852013,4.89097,4.491223,4.175975,4.914523,4.462373,4.237446,4.216005,4.677374,4.357222,6.072282,5.38552,4.622921,4.826534
"RNU6-522P","Up Regulated EGCG+Quercentin",-0.419670285714286,7.104646,6.063435,7.032055,5.704543,6.245954,7.334882,6.46043,7.389003,6.703728,7.078945,7.411445,7.537065,6.77889,7.381887,7.1548,6.252564,7.450614,5.886648,6.808507,6.371397,6.305537,7.431625,6.892733,6.78672,7.654583,7.307591,7.269157,7.708737
"HMGB3P241","Up Regulated EGCG+Quercentin",-0.414488714285715,4.27694,4.598945,4.338547,4.862531,4.285501,3.948353,3.775146,4.118515,4.983908,4.824197,3.837341,4.110156,3.85841,4.168336,3.892712,4.307755,4.618551,3.515645,4.392764,4.088903,4.49801,4.677317,5.087781,4.975688,3.172379,5.283709,5.249603,4.448357
"BBOF1","Up Regulated EGCG+Quercentin",-0.403802357142857,7.179473,7.731149,6.874625,6.125238,7.724988,8.129784,8.212811,7.498887,9.407221,7.964251,7.592292,7.991055,9.156115,7.765718,7.287389,7.992859,6.373542,6.998306,8.48,7.754502,7.300568,7.482733,9.435266,8.050997,7.566235,7.722712,9.591305,7.654172
"RPL36AP26","Up Regulated EGCG+Quercentin",-0.403493428571429,7.213727,6.986807,6.680272,6.822679,7.722751,7.898178,7.359946,7.391714,8.235855,7.771163,7.342733,7.09789,7.124386,6.607109,6.46934,7.332107,6.578686,6.898235,8.468581,8.082952,6.614895,7.724177,7.809474,7.409118,8.29199,7.659492,7.075865,7.981943
"SLPI","Up Regulated EGCG+Quercentin",-0.402215500000001,7.066407,6.981043,6.953969,8.885679,8.218735,9.085851,8.100077,8.677443,8.856766,7.928227,7.520678,8.406864,7.864158,8.096432,7.222888,7.471013,6.830313,9.317122,9.406696,7.87098,7.330129,8.929095,9.050573,8.283017,7.703988,8.608315,8.044639,8.517046
"RNU6-943P1","Up Regulated EGCG+Quercentin",-0.399695857142857,3.294064,2.930063,3.668304,3.275517,2.946633,2.694439,3.130377,3.393719,3.099114,3.249888,3.556128,2.714196,3.563811,3.012961,2.940627,2.343109,3.162296,3.336897,2.891805,2.896197,3.604516,3.744242,3.645178,3.295518,4.178654,3.682128,3.679098,2.83766
"SLC3A1","Up Regulated EGCG+Quercentin",-0.393528285714286,4.943041,4.881752,4.879858,4.89069,4.810431,4.629837,4.324484,4.580755,5.745869,4.938174,4.427902,4.832296,4.431097,4.687454,4.934957,5.232114,4.897149,4.587667,4.662432,4.969165,4.597248,4.666132,6.578716,4.784383,4.996114,5.348597,5.03436,4.848216
"RPS71","Up Regulated EGCG+Quercentin",-0.393168428571428,4.3154345,3.8521165,4.25758,4.0559025,4.2646525,4.3983355,4.279754,5.185456,4.013799,4.1455885,4.3816285,4.186968,4.0044175,4.718851,3.9319885,4.731526,4.443668,4.6141645,4.3633705,4.2734725,4.4190315,5.036717,4.1641185,5.200315,4.620352,3.940056,5.194638,4.6262245
"RNU6-853P1","Up Regulated EGCG+Quercentin",-0.392963857142857,2.839938,2.789659,3.102854,2.738443,2.670711,2.876158,3.085255,3.275527,2.947542,3.176307,4.236188,2.869511,3.81135,2.952661,2.771961,2.907065,2.681999,2.759539,2.832179,3.365447,2.823623,3.375301,2.878293,3.218552,3.934861,4.089132,2.922616,4.018044
